{
    "name": "root",
    "gauges": {
        "MovementBehaviour.Policy.Entropy.mean": {
            "value": 1.3717447519302368,
            "min": 1.3717447519302368,
            "max": 1.4021492004394531,
            "count": 8
        },
        "MovementBehaviour.Policy.Entropy.sum": {
            "value": 68595.46875,
            "min": 65902.4140625,
            "max": 69771.984375,
            "count": 8
        },
        "MovementBehaviour.Policy.ExtrinsicValueEstimate.mean": {
            "value": 17.316650390625,
            "min": 2.9386746883392334,
            "max": 17.316650390625,
            "count": 8
        },
        "MovementBehaviour.Policy.ExtrinsicValueEstimate.sum": {
            "value": 13853.3203125,
            "min": 2265.71826171875,
            "max": 13853.3203125,
            "count": 8
        },
        "MovementBehaviour.Environment.EpisodeLength.mean": {
            "value": 1273.2926829268292,
            "min": 609.0131578947369,
            "max": 1273.2926829268292,
            "count": 8
        },
        "MovementBehaviour.Environment.EpisodeLength.sum": {
            "value": 52205.0,
            "min": 46063.0,
            "max": 52205.0,
            "count": 8
        },
        "MovementBehaviour.Environment.CumulativeReward.mean": {
            "value": 273.43587472907655,
            "min": 39.52816074067041,
            "max": 273.43587472907655,
            "count": 8
        },
        "MovementBehaviour.Environment.CumulativeReward.sum": {
            "value": 11210.870863892138,
            "min": 3004.140216290951,
            "max": 11210.870863892138,
            "count": 8
        },
        "MovementBehaviour.Policy.ExtrinsicReward.mean": {
            "value": 273.43587472907655,
            "min": 39.52816074067041,
            "max": 273.43587472907655,
            "count": 8
        },
        "MovementBehaviour.Policy.ExtrinsicReward.sum": {
            "value": 11210.870863892138,
            "min": 3004.140216290951,
            "max": 11210.870863892138,
            "count": 8
        },
        "MovementBehaviour.Losses.PolicyLoss.mean": {
            "value": 0.02352906657072405,
            "min": 0.02247502408921719,
            "max": 0.024595434301688025,
            "count": 8
        },
        "MovementBehaviour.Losses.PolicyLoss.sum": {
            "value": 0.11764533285362025,
            "min": 0.09544262867420913,
            "max": 0.12297717150844012,
            "count": 8
        },
        "MovementBehaviour.Losses.ValueLoss.mean": {
            "value": 6.575684591929118,
            "min": 2.0312864929437637,
            "max": 6.7814103190104165,
            "count": 8
        },
        "MovementBehaviour.Losses.ValueLoss.sum": {
            "value": 32.87842295964559,
            "min": 8.125145971775055,
            "max": 33.90705159505208,
            "count": 8
        },
        "MovementBehaviour.Policy.LearningRate.mean": {
            "value": 1.626585457807999e-05,
            "min": 1.626585457807999e-05,
            "max": 0.0002227443257519,
            "count": 8
        },
        "MovementBehaviour.Policy.LearningRate.sum": {
            "value": 8.132927289039995e-05,
            "min": 8.132927289039995e-05,
            "max": 0.0009749887750038,
            "count": 8
        },
        "MovementBehaviour.Policy.Epsilon.mean": {
            "value": 0.10542192000000003,
            "min": 0.10542192000000003,
            "max": 0.17424810000000002,
            "count": 8
        },
        "MovementBehaviour.Policy.Epsilon.sum": {
            "value": 0.5271096000000002,
            "min": 0.499768,
            "max": 0.8249962000000001,
            "count": 8
        },
        "MovementBehaviour.Policy.Beta.mean": {
            "value": 0.0002805538079999999,
            "min": 0.0002805538079999999,
            "max": 0.00371498019,
            "count": 8
        },
        "MovementBehaviour.Policy.Beta.sum": {
            "value": 0.0014027690399999995,
            "min": 0.0014027690399999995,
            "max": 0.016267310380000004,
            "count": 8
        },
        "MovementBehaviour.IsTraining.mean": {
            "value": 1.0,
            "min": 1.0,
            "max": 1.0,
            "count": 8
        },
        "MovementBehaviour.IsTraining.sum": {
            "value": 1.0,
            "min": 1.0,
            "max": 1.0,
            "count": 8
        }
    },
    "metadata": {
        "timer_format_version": "0.1.0",
        "start_time_seconds": "1616265911",
        "python_version": "3.8.8 (default, Feb 24 2021, 15:54:32) [MSC v.1928 64 bit (AMD64)]",
        "command_line_arguments": "J:\\DataScience\\Anaconda\\envs\\ml-agents\\Scripts\\mlagents-learn trainer_config.yaml --run-id=MiAI_ConMuros --env=../Build/AIMio.exe --time-scale=10 --quality-level=0 --width=1012 --height=512 --resume",
        "mlagents_version": "0.25.0",
        "mlagents_envs_version": "0.25.0",
        "communication_protocol_version": "1.5.0",
        "pytorch_version": "1.6.0",
        "numpy_version": "1.19.2",
        "end_time_seconds": "1616268713"
    },
    "total": 2802.0751497,
    "count": 1,
    "self": 2.3364279999996143,
    "children": {
        "run_training.setup": {
            "total": 0.11311530000000003,
            "count": 1,
            "self": 0.11311530000000003
        },
        "TrainerController.start_learning": {
            "total": 2799.6256064000004,
            "count": 1,
            "self": 14.62791600013179,
            "children": {
                "TrainerController._reset_env": {
                    "total": 7.491330100000001,
                    "count": 1,
                    "self": 7.491330100000001
                },
                "TrainerController.advance": {
                    "total": 2777.403237299868,
                    "count": 397310,
                    "self": 6.491442699887557,
                    "children": {
                        "env_step": {
                            "total": 2770.9117945999806,
                            "count": 397310,
                            "self": 2231.122064400091,
                            "children": {
                                "SubprocessEnvManager._take_step": {
                                    "total": 532.3880662999445,
                                    "count": 397310,
                                    "self": 29.625182099865185,
                                    "children": {
                                        "TorchPolicy.evaluate": {
                                            "total": 502.7628842000793,
                                            "count": 396969,
                                            "self": 93.08503310006063,
                                            "children": {
                                                "TorchPolicy.sample_actions": {
                                                    "total": 409.6778511000187,
                                                    "count": 396969,
                                                    "self": 409.6778511000187
                                                }
                                            }
                                        }
                                    }
                                },
                                "workers": {
                                    "total": 7.401663899945246,
                                    "count": 397310,
                                    "self": 0.0,
                                    "children": {
                                        "worker_root": {
                                            "total": 2780.5858071000307,
                                            "count": 397310,
                                            "is_parallel": true,
                                            "self": 1053.6687774999734,