{
    "name": "root",
    "gauges": {
        "MovementBehaviour.Policy.Entropy.mean": {
            "value": 1.3464075326919556,
            "min": 1.3464075326919556,
            "max": 1.4152367115020752,
            "count": 10
        },
        "MovementBehaviour.Policy.Entropy.sum": {
            "value": 67298.8359375,
            "min": 67298.8359375,
            "max": 70790.140625,
            "count": 10
        },
        "MovementBehaviour.Policy.ExtrinsicValueEstimate.mean": {
            "value": 38.29367446899414,
            "min": -3.6705830097198486,
            "max": 38.29367446899414,
            "count": 10
        },
        "MovementBehaviour.Policy.ExtrinsicValueEstimate.sum": {
            "value": 29907.359375,
            "min": -3266.81884765625,
            "max": 29907.359375,
            "count": 10
        },
        "MovementBehaviour.Environment.EpisodeLength.mean": {
            "value": 16912.5,
            "min": 204.58024691358025,
            "max": 16912.5,
            "count": 3
        },
        "MovementBehaviour.Environment.EpisodeLength.sum": {
            "value": 33825.0,
            "min": 33825.0,
            "max": 49713.0,
            "count": 3
        },
        "MovementBehaviour.Environment.CumulativeReward.mean": {
            "value": 4126.420423090458,
            "min": 3.5102471279539933,
            "max": 4126.420423090458,
            "count": 3
        },
        "MovementBehaviour.Environment.CumulativeReward.sum": {
            "value": 8252.840846180916,
            "min": 852.9900520928204,
            "max": 8252.840846180916,
            "count": 3
        },
        "MovementBehaviour.Policy.ExtrinsicReward.mean": {
            "value": 4126.420423090458,
            "min": 3.5102471279539933,
            "max": 4126.420423090458,
            "count": 3
        },
        "MovementBehaviour.Policy.ExtrinsicReward.sum": {
            "value": 8252.840846180916,
            "min": 852.9900520928204,
            "max": 8252.840846180916,
            "count": 3
        },
        "MovementBehaviour.Losses.PolicyLoss.mean": {
            "value": 0.020926465191878376,
            "min": 0.020926465191878376,
            "max": 0.027108857720158995,
            "count": 10
        },
        "MovementBehaviour.Losses.PolicyLoss.sum": {
            "value": 0.10463232595939188,
            "min": 0.08637054706535613,
            "max": 0.13554428860079498,
            "count": 10
        },
        "MovementBehaviour.Losses.ValueLoss.mean": {
            "value": 3.511513907114664,
            "min": 2.236522974967957,
            "max": 3.511513907114664,
            "count": 10
        },
        "MovementBehaviour.Losses.ValueLoss.sum": {
            "value": 17.55756953557332,
            "min": 11.182614874839784,
            "max": 17.55756953557332,
            "count": 10
        },
        "MovementBehaviour.Policy.LearningRate.mean": {
            "value": 1.5810094730000004e-05,
            "min": 1.5810094730000004e-05,
            "max": 0.0002845929051357,
            "count": 10
        },
        "MovementBehaviour.Policy.LearningRate.sum": {
            "value": 7.905047365000002e-05,
            "min": 7.905047365000002e-05,
            "max": 0.0012841182719605995,
            "count": 10
        },
        "MovementBehaviour.Policy.Epsilon.mean": {
            "value": 0.10527000000000002,
            "min": 0.10527000000000002,
            "max": 0.1948643,
            "count": 10
        },
        "MovementBehaviour.Policy.Epsilon.sum": {
            "value": 0.5263500000000001,
            "min": 0.5263500000000001,
            "max": 0.9280394000000002,
            "count": 10
        },
        "MovementBehaviour.Policy.Beta.mean": {
            "value": 0.0002729730000000002,
            "min": 0.0002729730000000002,
            "max": 0.00474372857,
            "count": 10
        },
        "MovementBehaviour.Policy.Beta.sum": {
            "value": 0.001364865000000001,
            "min": 0.001364865000000001,
            "max": 0.02140916606,
            "count": 10
        },
        "MovementBehaviour.IsTraining.mean": {
            "value": 1.0,
            "min": 1.0,
            "max": 1.0,
            "count": 10
        },
        "MovementBehaviour.IsTraining.sum": {
            "value": 1.0,
            "min": 1.0,
            "max": 1.0,
            "count": 10
        }
    },
    "metadata": {
        "timer_format_version": "0.1.0",
        "start_time_seconds": "1616237324",
        "python_version": "3.8.8 (default, Feb 24 2021, 15:54:32) [MSC v.1928 64 bit (AMD64)]",
        "command_line_arguments": "J:\\DataScience\\Anaconda\\envs\\ml-agents\\Scripts\\mlagents-learn trainer_config.yaml --run-id=MiAI_sinrecompensa --env=../Build/AIMio.exe --time-scale=10 --quality-level=0 --width=1012 --height=512",
        "mlagents_version": "0.25.0",
        "mlagents_envs_version": "0.25.0",
        "communication_protocol_version": "1.5.0",
        "pytorch_version": "1.6.0",
        "numpy_version": "1.19.2",
        "end_time_seconds": "1616240519"
    },
    "total": 3195.334547,
    "count": 1,
    "self": 2.3291854999997668,
    "children": {
        "run_training.setup": {
            "total": 0.10509849999999687,
            "count": 1,
            "self": 0.10509849999999687
        },
        "TrainerController.start_learning": {
            "total": 3192.900263,
            "count": 1,
            "self": 16.089083600077174,
            "children": {
                "TrainerController._reset_env": {
                    "total": 7.327242699999999,
                    "count": 1,
                    "self": 7.327242699999999
                },
                "TrainerController.advance": {
                    "total": 3169.381650599923,
                    "count": 500243,
                    "self": 7.97362039983318,
                    "children": {
                        "env_step": {
                            "total": 3161.40803020009,
                            "count": 500243,
                            "self": 2520.433201700239,
                            "children": {
                                "SubprocessEnvManager._take_step": {
                                    "total": 632.0240027998581,
                                    "count": 500243,
                                    "self": 35.1687177999446,
                                    "children": {
                                        "TorchPolicy.evaluate": {
                                            "total": 596.8552849999135,
                                            "count": 500025,
                                            "self": 111.41138109997809,
                                            "children": {
                                                "TorchPolicy.sample_actions": {
                                                    "total": 485.4439038999354,
                                                    "count": 500025,
                                                    "self": 485.4439038999354
                                                }
                                            }
                                        }
                                    }
                                },
                                "workers": {
                                    "total": 8.950825699992826,
                                    "count": 500243,
                                    "self": 0.0,
                                    "children": {
                                        "worker_root": {
                                            "total": 3169.7038196999715,
                                            "count": 500243,
                                            "is_parallel": true,
                                            "self": 1258.6462922999563,